BRAND;MODEL;VERSION;YEAR;KM;PRICE;ARGUS;COMPARE;SELLER;REGION;PHONE
RENAULT;ZOE;Q90 LIFE CHARGE RAPIDE;2014;28800;10760;10820;-;Professionnel;FR-IDF;01-76-36-75-27
RENAULT;ZOE;Q90 LIFE;2016;18930;10580;12697;-;Professionnel;FR-IDF;01-84-15-98-17
RENAULT;ZOE;LIFE CHARGE RAPIDE;2013;57144;8380;0;+;Professionnel;FR-IDF;01-64-57-89-38
RENAULT;ZOE;LIFE;2013;29330;10010;0;+;Professionnel;FR-IDF;01-60-92-92-70
RENAULT;ZOE;Q90 LIFE;2014;17423;11400;9720;+;Professionnel;FR-IDF;01-84-15-51-23
RENAULT;ZOE;Q90 INTENS;2016;85214;9860;12838;-;Professionnel;FR-IDF;01-84-15-58-43
RENAULT;ZOE;Q90 INTENS CHARGE RAPIDE;2015;43246;10070;12274;-;Professionnel;FR-IDF;01-84-16-05-67
RENAULT;ZOE;Q90 INTENS CHARGE RAPIDE;2016;31428;10360;14125;-;Professionnel;FR-IDF;01-82-88-46-51
RENAULT;ZOE;Q90 LIFE;2016;13251;10990;12697;-;Professionnel;FR-IDF;01-84-15-62-99
RENAULT;ZOE;Q90 LIFE CHARGE RAPIDE;2015;25848;10770;10586;+;Professionnel;FR-IDF;01-84-15-30-76
RENAULT;ZOE;ZEN CHARGE RAPIDE;2015;48366;8550;0;+;Professionnel;FR-IDF;01-64-57-90-41
RENAULT;ZOE;LIFE;2016;52390;8120;0;+;Professionnel;FR-IDF;01-64-57-88-55
RENAULT;ZOE;Q90 LIFE;2013;52940;9070;9042;+;Professionnel;FR-IDF;01-76-37-37-54
RENAULT;ZOE;Q90 LIFE CHARGE RAPIDE;2016;15706;9610;11794;-;Professionnel;FR-IDF;01-82-88-40-22
RENAULT;ZOE;Q90 LIFE CHARGE RAPIDE;2013;27864;9820;9807;+;Professionnel;FR-IDF;01-76-31-36-78
RENAULT;ZOE;Q90 LIFE;2016;11250;9520;12697;-;Professionnel;FR-IDF;01-84-15-92-32
RENAULT;ZOE;LIFE CHARGE RAPIDE;2016;56334;10570;0;+;Professionnel;FR-IDF;01-60-93-55-53
RENAULT;ZOE;Q90 LIFE CHARGE RAPIDE;2015;8699;9780;10586;-;Professionnel;FR-IDF;01-82-89-05-85
RENAULT;ZOE;Q90 INTENS CHARGE RAPIDE;2015;48975;10260;12274;-;Professionnel;FR-IDF;01-76-37-28-70
RENAULT;ZOE;Q90 LIFE CHARGE RAPIDE;2015;41026;11400;10586;+;Professionnel;FR-IDF;01-76-39-03-66
RENAULT;ZOE;Q90 LIFE;2016;36583;10440;12697;-;Professionnel;FR-IDF;01-84-16-33-50
RENAULT;ZOE;Q90 LIFE;2014;19152;11220;9720;+;Professionnel;FR-IDF;01-84-16-06-24
RENAULT;ZOE;Q90 INTENS CHARGE RAPIDE;2013;38361;9520;9319;+;Professionnel;FR-IDF;04-83-97-57-96
RENAULT;ZOE;LIFE CHARGE RAPIDE;2016;37869;7750;0;+;Professionnel;FR-IDF;01-64-57-34-13
RENAULT;ZOE;Q90 INTENS;2014;29717;10270;11084;-;Professionnel;FR-IDF;01-84-15-73-62
RENAULT;ZOE;Q90 INTENS CHARGE RAPIDE;2016;37842;10230;14125;-;Professionnel;FR-IDF;01-76-37-32-07
RENAULT;ZOE;Q90 LIFE CHARGE RAPIDE;2013;11271;11280;9807;+;Professionnel;FR-IDF;01-76-37-09-96
RENAULT;ZOE;LIFE CHARGE RAPIDE;2013;33536;7760;0;+;Professionnel;FR-IDF;01-64-57-41-42
RENAULT;ZOE;INTENS;2013;21546;11610;0;+;Professionnel;FR-IDF;01-82-88-28-78
RENAULT;ZOE;Q90 ZEN;2014;28681;11750;11147;+;Professionnel;FR-IDF;01-84-15-54-49
RENAULT;ZOE;Q90 ZEN CHARGE RAPIDE;2014;17577;12410;9924;+;Professionnel;FR-IDF;01-76-38-84-32
RENAULT;ZOE;LIFE CHARGE RAPIDE;2013;51150;7680;0;+;Professionnel;FR-IDF;01-64-58-03-41
RENAULT;ZOE;ZEN CHARGE RAPIDE;2015;43589;7830;0;+;Professionnel;FR-IDF;01-64-57-56-27
RENAULT;ZOE;Q90 LIFE CHARGE RAPIDE;2014;28020;12780;10820;+;Professionnel;FR-IDF;01-84-31-90-06
RENAULT;ZOE;Q90 INTENS CHARGE RAPIDE;2015;65775;10520;12274;-;Professionnel;FR-IDF;01-84-31-38-59
RENAULT;ZOE;R110 INTENS;2017;1;20290;14456;+;Professionnel;FR-IDF;01-75-18-94-66
RENAULT;ZOE;Q90 INTENS CHARGE RAPIDE;2014;7358;11270;9920;+;Professionnel;FR-IDF;01-82-88-76-48
RENAULT;ZOE;Q90 LIFE CHARGE RAPIDE;2016;36694;9510;11794;-;Professionnel;FR-IDF;01-76-43-20-72
RENAULT;ZOE;LIFE CHARGE RAPIDE;2013;42691;7960;0;+;Professionnel;FR-IDF;01-64-57-94-84
RENAULT;ZOE;INTENS CHARGE RAPIDE;2015;20287;10680;0;+;Professionnel;FR-IDF;01-84-36-19-53
RENAULT;ZOE;Q90 LIFE CHARGE RAPIDE;2013;20858;9460;9807;-;Professionnel;FR-IDF;01-84-36-43-06
RENAULT;ZOE;Q90 LIFE;2013;19244;10850;9042;+;Professionnel;FR-IDF;01-82-88-54-18
RENAULT;ZOE;R110 INTENS;2019;1;23470;0;+;Professionnel;FR-IDF;01-75-18-97-20
RENAULT;ZOE;R110 INTENS;2017;1;22410;14456;+;Professionnel;FR-IDF;01-75-18-91-39
RENAULT;ZOE;Q90 LIFE CHARGE RAPIDE;2015;46740;9660;10586;-;Professionnel;FR-IDF;01-76-43-16-54
RENAULT;ZOE;Q90 INTENS CHARGE RAPIDE;2015;42688;12050;12274;-;Professionnel;FR-IDF;01-82-88-85-11
RENAULT;ZOE;Q90 LIFE CHARGE RAPIDE;2016;46811;9300;11794;-;Professionnel;FR-IDF;01-84-36-17-33
RENAULT;ZOE;R110 INTENS;2017;1;18870;14456;+;Professionnel;FR-IDF;01-75-18-67-30
RENAULT;ZOE;Q90 LIFE;2014;44677;9070;9720;-;Professionnel;FR-IDF;01-82-88-95-52
RENAULT;ZOE;Q90 LIFE;2016;15812;11040;12697;-;Professionnel;FR-IDF;01-82-88-75-09
RENAULT;ZOE;R110 INTENS;2019;1;20680;0;+;Professionnel;FR-IDF;01-75-18-74-76
RENAULT;ZOE;R110 INTENS;2017;1;21430;14456;+;Professionnel;FR-IDF;01-75-18-69-07
RENAULT;ZOE;ZEN;2015;7872;13610;0;+;Professionnel;FR-IDF;01-84-36-00-03
RENAULT;ZOE;R110 INTENS;2019;1;21590;0;+;Professionnel;FR-IDF;01-75-18-87-85
RENAULT;ZOE;INTENS;2014;30500;11340;0;+;Professionnel;FR-IDF;01-82-88-70-70
RENAULT;ZOE;Q90 LIFE CHARGE RAPIDE;2014;23706;9190;10820;-;Professionnel;FR-IDF;01-84-36-03-25
RENAULT;ZOE;Q90 LIFE;2017;26401;11020;12380;-;Professionnel;FR-IDF;01-75-19-34-59
RENAULT;ZOE;Q90 LIFE CHARGE RAPIDE;2013;57880;8650;9807;-;Professionnel;FR-IDF;01-84-35-85-45
RENAULT;ZOE;INTENS CHARGE RAPIDE;2013;27049;11230;0;+;Professionnel;FR-IDF;01-43-25-59-43
RENAULT;ZOE;INTENS;2014;20596;11750;0;+;Professionnel;FR-IDF;01-75-18-86-54
RENAULT;ZOE;Q90 INTENS;2017;30167;12820;14657;-;Professionnel;FR-IDF;01-82-88-53-47
RENAULT;ZOE;R110 INTENS;2017;1;23280;14456;+;Professionnel;FR-IDF;01-75-19-38-94
RENAULT;ZOE;Q90 INTENS;2015;7499;13680;11520;+;Professionnel;FR-IDF;01-64-24-85-94
RENAULT;ZOE;Q90 ZEN CHARGE RAPIDE;2014;14958;12520;9924;+;Professionnel;FR-IDF;01-75-91-52-54
RENAULT;ZOE;Q90 ZEN CHARGE RAPIDE TYPE 2;2017;11352;11560;14657;-;Professionnel;FR-IDF;01-83-76-57-17
RENAULT;ZOE;Q90 INTENS;2016;16876;11680;12838;-;Professionnel;FR-IDF;01-82-88-90-68
RENAULT;ZOE;Q90 INTENS CHARGE RAPIDE;2015;44151;10960;12274;-;Professionnel;FR-IDF;01-49-85-03-16
RENAULT;ZOE;Q90 LIFE CHARGE RAPIDE;2014;21849;10410;10820;-;Professionnel;FR-IDF;01-34-86-35-03
RENAULT;ZOE;Q90 INTENS;2015;8420;14120;11520;+;Professionnel;FR-IDF;01-76-38-73-50
RENAULT;ZOE;Q90 LIFE;2014;54581;10500;9720;+;Professionnel;FR-IDF;01-76-38-74-19
RENAULT;ZOE;Q90 LIFE CHARGE RAPIDE;2014;33516;9800;10820;-;Professionnel;FR-IDF;01-75-91-22-09
RENAULT;ZOE;Q90 LIFE CHARGE RAPIDE;2013;38706;8290;9807;-;Professionnel;FR-IDF;01-83-76-55-31
RENAULT;ZOE;LIFE;2015;31447;10680;0;+;Professionnel;FR-IDF;01-76-38-40-03
RENAULT;ZOE;Q90 INTENS CHARGE RAPIDE TYPE 2;2013;55350;9450;9865;-;Professionnel;FR-IDF;01-43-09-19-21
RENAULT;ZOE;Q90 INTENS CHARGE RAPIDE TYPE 2;2014;62149;8460;9967;-;Professionnel;FR-IDF;01-43-09-11-06
RENAULT;ZOE;Q90 LIFE CHARGE RAPIDE;2016;27386;10140;11794;-;Professionnel;FR-IDF;01-34-86-51-80
RENAULT;ZOE;Q90 LIFE CHARGE RAPIDE;2015;60533;9550;10586;-;Professionnel;FR-IDF;01-76-28-74-54
RENAULT;ZOE;Q90 INTENS;2017;21122;13800;14657;-;Professionnel;FR-IDF;01-64-28-76-11
RENAULT;ZOE;Q90 LIFE CHARGE RAPIDE TYPE 2;2015;18947;11360;11040;+;Professionnel;FR-IDF;01-76-27-20-56
RENAULT;ZOE;Q90 LIFE CHARGE RAPIDE;2015;50941;10080;10586;-;Professionnel;FR-IDF;01-76-29-07-47
RENAULT;ZOE;Q90 LIFE;2016;17321;10940;12697;-;Professionnel;FR-IDF;01-76-38-85-19
RENAULT;ZOE;Q90 ZEN CHARGE RAPIDE;2014;50173;9480;9924;-;Professionnel;FR-IDF;01-76-38-26-31
RENAULT;ZOE;Q90 ZEN CHARGE RAPIDE;2014;46873;9790;9924;-;Professionnel;FR-IDF;01-30-80-26-22
RENAULT;ZOE;Q90 INTENS CHARGE RAPIDE;2016;9202;11220;14125;-;Professionnel;FR-IDF;01-82-88-90-92
RENAULT;ZOE;Q90 LIFE CHARGE RAPIDE;2016;79874;9710;11794;-;Professionnel;FR-IDF;01-76-38-51-04
RENAULT;ZOE;Q90 ZEN;2015;24750;12420;11408;+;Professionnel;FR-IDF;01-64-24-59-85
RENAULT;ZOE;Q90 ZEN CHARGE RAPIDE;2016;31072;11190;13543;-;Professionnel;FR-IDF;01-76-27-32-20
RENAULT;ZOE;Q90 LIFE CHARGE RAPIDE GAMME 2017;2015;5508;10690;10999;-;Professionnel;FR-IDF;01-64-28-74-68
RENAULT;ZOE;Q90 ZEN CHARGE RAPIDE TYPE 2;2016;51322;11020;12838;-;Professionnel;FR-IDF;01-69-07-18-16
RENAULT;ZOE;Q90 ZEN CHARGE RAPIDE;2012;37184;10640;9194;+;Professionnel;FR-IDF;01-76-38-39-42
RENAULT;ZOE;Q90 LIFE CHARGE RAPIDE;2016;16063;15440;11794;+;Professionnel;FR-IDF;01-84-15-85-28
RENAULT;ZOE;Q90 LIFE;2014;11452;10480;9720;+;Professionnel;FR-IDF;01-76-38-50-68
RENAULT;ZOE;ZEN;2016;43424;10010;0;+;Professionnel;FR-IDF;01-76-38-80-69
RENAULT;ZOE;Q90 LIFE;2015;25891;11190;10539;+;Professionnel;FR-IDF;01-76-28-73-93
RENAULT;ZOE;Q90 ZEN CHARGE RAPIDE;2013;36024;10470;10297;+;Professionnel;FR-IDF;01-76-38-24-97
RENAULT;ZOE;Q90 LIFE CHARGE RAPIDE TYPE 2;2015;2754;11640;11040;+;Professionnel;FR-IDF;01-76-28-55-96
RENAULT;ZOE;Q90 LIFE;2016;13982;10020;12697;-;Professionnel;FR-IDF;01-76-38-73-87
RENAULT;ZOE;R90 INTENS TYPE 2;2014;25740;11450;10716;+;Professionnel;FR-IDF;01-48-83-47-65
RENAULT;ZOE;Q90 ZEN;2014;41900;11000;11147;-;Professionnel;FR-IDF;01-82-88-59-83
RENAULT;ZOE;Q90 LIFE CHARGE RAPIDE;2015;14734;10650;10586;+;Professionnel;FR-IDF;01-76-27-40-26
RENAULT;ZOE;LIFE;2014;43589;9650;0;+;Professionnel;FR-IDF;01-76-38-27-04
RENAULT;ZOE;Q90 ZEN;2014;25098;9960;11147;-;Professionnel;FR-IDF;01-76-38-82-33
RENAULT;ZOE;Q90 INTENS;2017;7207;12090;14657;-;Professionnel;FR-IDF;01-76-38-26-36
RENAULT;ZOE;Q90 INTENS;2014;46410;10440;11084;-;Professionnel;FR-IDF;01-82-88-79-60
RENAULT;ZOE;Q90 ZEN CHARGE RAPIDE;2012;62076;8960;9194;-;Professionnel;FR-IDF;01-76-38-82-82
RENAULT;ZOE;Q90 LIFE;2014;15137;10850;9720;+;Professionnel;FR-IDF;01-76-38-25-70
RENAULT;ZOE;Q90 LIFE CHARGE RAPIDE;2014;22410;10680;10820;-;Professionnel;FR-IDF;01-76-38-82-23
RENAULT;ZOE;Q90 LIFE CHARGE RAPIDE TYPE 2;2015;49647;11320;11040;+;Professionnel;FR-IDF;01-69-06-81-87
RENAULT;ZOE;Q90 LIFE;2014;44525;9960;9720;+;Professionnel;FR-IDF;01-84-15-70-66
RENAULT;ZOE;Q90 LIFE CHARGE RAPIDE;2015;69123;8300;10586;-;Professionnel;FR-IDF;01-76-38-56-32
RENAULT;ZOE;Q90 LIFE CHARGE RAPIDE;2014;27850;10320;10820;-;Professionnel;FR-IDF;01-76-38-64-47
RENAULT;ZOE;ZEN;2016;36740;10190;0;+;Professionnel;FR-IDF;01-76-38-55-83
RENAULT;ZOE;Q90 ZEN CHARGE RAPIDE;2013;38107;9690;10297;-;Professionnel;FR-IDF;01-84-15-46-03
RENAULT;ZOE;R75 LIFE;2018;10470;17480;14158;+;Professionnel;FR-IDF;01-76-38-73-17
RENAULT;ZOE;Q90 LIFE;2016;7564;11650;12697;-;Professionnel;FR-IDF;01-76-38-45-83
RENAULT;ZOE;Q90 LIFE CHARGE RAPIDE;2015;32967;9180;10586;-;Professionnel;FR-IDF;01-76-38-99-38
RENAULT;ZOE;Q90 INTENS CHARGE RAPIDE;2016;12170;11010;14125;-;Professionnel;FR-IDF;01-48-83-44-80
RENAULT;ZOE;Q90 LIFE CHARGE RAPIDE;2016;42866;8930;11794;-;Professionnel;FR-IDF;01-76-39-02-42
RENAULT;ZOE;LIFE;2016;42804;9480;0;+;Professionnel;FR-IDF;01-34-86-45-01
RENAULT;ZOE;Q90 LIFE CHARGE RAPIDE;2014;54852;8610;10820;-;Professionnel;FR-IDF;01-76-38-31-75
RENAULT;ZOE;Q90 INTENS CHARGE RAPIDE TYPE 2;2015;15300;12790;11831;+;Professionnel;FR-IDF;01-75-91-18-36
RENAULT;ZOE;LIFE;2015;35198;11950;0;+;Professionnel;FR-IDF;01-76-38-70-53
RENAULT;ZOE;Q90 INTENS;2016;31045;11800;12838;-;Professionnel;FR-IDF;01-82-89-13-15
RENAULT;ZOE;Q90 LIFE CHARGE RAPIDE;2015;26731;9420;10586;-;Professionnel;FR-IDF;01-82-88-80-48
RENAULT;ZOE;Q90 LIFE CHARGE RAPIDE;2016;36017;9820;11794;-;Professionnel;FR-IDF;01-76-38-28-45
RENAULT;ZOE;Q90 INTENS CHARGE RAPIDE;2015;50500;10610;12274;-;Professionnel;FR-IDF;06-16-16-83-58
RENAULT;ZOE;Q90 ZEN;2014;61715;8750;11147;-;Professionnel;FR-IDF;01-76-38-61-82
RENAULT;ZOE;Q90 STAR WARS (CH RAPIDE);2019;8107;21530;0;+;Particulier;FR-IDF;01-76-28-79-40
RENAULT;ZOE;R90 INTENS TYPE 2;2014;25299;11380;10716;+;Particulier;FR-IDF;01-75-86-48-18
RENAULT;ZOE;Q90 LIFE CHARGE RAPIDE;2017;19200;13200;13611;-;Particulier;FR-IDF;01-75-85-85-47
RENAULT;ZOE;Q90 INTENS CHARGE RAPIDE;2016;17299;11520;14125;-;Professionnel;FR-IDF;01-84-35-63-39
RENAULT;ZOE;Q90 INTENS;2017;13961;13290;14657;-;Professionnel;FR-IDF;01-76-29-09-73
RENAULT;ZOE;Q90 INTENS;2016;42380;11250;12838;-;Professionnel;FR-IDF;01-76-38-57-87
RENAULT;ZOE;Q90 ZEN;2017;16852;13330;14881;-;Professionnel;FR-IDF;01-82-88-44-32
RENAULT;ZOE;Q90 LIFE CHARGE RAPIDE TYPE 2;2015;12111;11780;11040;+;Professionnel;FR-IDF;01-76-43-19-85
RENAULT;ZOE;Q90 LIFE;2013;54930;9750;9042;+;Professionnel;FR-IDF;01-84-35-35-91
RENAULT;ZOE;Q90 INTENS;2015;18;13540;11520;+;Professionnel;FR-IDF;01-64-75-90-90
RENAULT;ZOE;Q90 LIFE;2015;14751;10150;10539;-;Professionnel;FR-IDF;01-82-89-11-52
RENAULT;ZOE;Q90 INTENS CHARGE RAPIDE;2016;41371;10320;14125;-;Professionnel;FR-IDF;01-76-43-52-67
RENAULT;ZOE;Q90 ZEN;2014;24288;10150;11147;-;Professionnel;FR-IDF;01-76-43-57-97
RENAULT;ZOE;LIFE;2014;36488;9830;0;+;Professionnel;FR-IDF;01-76-38-79-49
RENAULT;ZOE;R90 INTENS GAMME 2017;2018;4270;23180;16435;+;Professionnel;FR-IDF;01-82-88-67-69
RENAULT;ZOE;Q90 LIFE CHARGE RAPIDE;2013;68604;9630;9807;-;Professionnel;FR-IDF;01-76-28-54-52
RENAULT;ZOE;Q90 LIFE CHARGE RAPIDE;2016;41152;10170;11794;-;Professionnel;FR-IDF;01-76-43-61-16
RENAULT;ZOE;Q90 LIFE;2014;32542;10590;9720;+;Professionnel;FR-IDF;01-76-43-96-42
RENAULT;ZOE;R90 ZEN GAMME 2017;2017;11411;12090;14472;-;Professionnel;FR-IDF;01-84-35-46-89
RENAULT;ZOE;Q90 LIFE CHARGE RAPIDE;2016;15742;10350;11794;-;Professionnel;FR-IDF;01-82-89-14-41
RENAULT;ZOE;Q90 INTENS;2015;5117;11840;11520;+;Professionnel;FR-IDF;01-82-88-36-63
RENAULT;ZOE;R75 LIFE;2017;163;16990;14394;+;Professionnel;FR-IDF;01-82-88-73-48
RENAULT;ZOE;R90 INTENS;2018;9280;16920;17382;-;Professionnel;FR-IDF;01-82-88-85-91
RENAULT;ZOE;Q90 LIFE;2016;32996;8460;12697;-;Professionnel;FR-IDF;01-76-44-14-77
RENAULT;ZOE;Q90 ZEN;2014;69581;10620;11147;-;Professionnel;FR-IDF;01-82-88-77-83
RENAULT;ZOE;R90 STAR WARS;2019;114;22590;0;+;Professionnel;FR-IDF;01-82-88-34-68
RENAULT;ZOE;Q90 ZEN;2016;51176;10390;13487;-;Professionnel;FR-IDF;01-82-89-01-15
RENAULT;ZOE;Q90 INTENS CHARGE RAPIDE;2015;37390;10550;12274;-;Professionnel;FR-IDF;01-76-43-44-66
RENAULT;ZOE;Q90 LIFE;2016;35208;9070;12697;-;Professionnel;FR-IDF;01-76-43-93-28
RENAULT;ZOE;Q90 ZEN;2017;21931;10790;14881;-;Professionnel;FR-IDF;01-76-43-47-17
RENAULT;ZOE;Q90 INTENS CHARGE RAPIDE;2016;32140;9610;14125;-;Professionnel;FR-IDF;01-82-88-29-03
RENAULT;ZOE;Q90 ZEN;2013;31857;9970;9355;+;Professionnel;FR-IDF;01-64-24-83-24
RENAULT;ZOE;Q90 INTENS CHARGE RAPIDE;2012;14566;9520;8591;+;Professionnel;FR-IDF;01-76-43-67-88
RENAULT;ZOE;Q90 LIFE;2015;6539;11970;10539;+;Professionnel;FR-IDF;01-76-43-38-90
RENAULT;ZOE;R90 INTENS TYPE 2;2016;123;19050;12965;+;Professionnel;FR-IDF;01-82-88-88-54
RENAULT;ZOE;Q90 ZEN CHARGE RAPIDE;2014;44460;9930;9924;+;Professionnel;FR-IDF;01-82-88-93-09
RENAULT;ZOE;Q90 STAR WARS CHARGE RAPIDE;2017;112;21040;16641;+;Professionnel;FR-IDF;01-64-49-47-98
RENAULT;ZOE;Q90 LIFE CHARGE RAPIDE;2014;4479;9960;10820;-;Professionnel;FR-IDF;01-76-43-67-20
RENAULT;ZOE;Q90 LIFE;2013;30453;9730;9042;+;Professionnel;FR-IDF;01-83-76-38-52
RENAULT;ZOE;Q90 LIFE;2016;17615;10690;12697;-;Professionnel;FR-IDF;01-83-76-95-35
RENAULT;ZOE;Q90 LIFE CHARGE RAPIDE;2014;24493;9860;10820;-;Professionnel;FR-IDF;01-76-43-33-17
RENAULT;ZOE;Q90 INTENS;2014;17024;10790;11084;-;Professionnel;FR-IDF;01-76-28-76-88
RENAULT;ZOE;Q90 LIFE;2016;8601;10550;12697;-;Professionnel;FR-IDF;01-82-88-55-10
RENAULT;ZOE;Q90 LIFE CHARGE RAPIDE;2013;33777;9180;9807;-;Professionnel;FR-IDF;01-83-76-80-70
RENAULT;ZOE;R90 INTENS;2019;525;18880;0;+;Professionnel;FR-IDF;01-34-82-81-46
RENAULT;ZOE;Q90 INTENS;2015;19463;11280;11520;-;Professionnel;FR-IDF;01-82-89-13-12
RENAULT;ZOE;Q90 ZEN CHARGE RAPIDE;2012;62830;8450;9194;-;Professionnel;FR-IDF;01-83-76-86-38
RENAULT;ZOE;R90 LIFE TYPE 2;2018;580;13900;16150;-;Professionnel;FR-IDF;01-34-82-74-40
RENAULT;ZOE;R90 INTENS TYPE 2;2017;19473;13730;14427;-;Professionnel;FR-IDF;01-76-43-61-40
RENAULT;ZOE;R90 LIFE TYPE 2;2016;125;14980;11865;+;Professionnel;FR-IDF;01-34-82-90-19
RENAULT;ZOE;Q90 LIFE;2014;19572;10960;9720;+;Professionnel;FR-IDF;06-12-19-50-00
RENAULT;ZOE;Q90 ZEN CHARGE RAPIDE TYPE 2;2016;16200;10780;12838;-;Professionnel;FR-IDF;01-30-26-18-69
RENAULT;ZOE;Q90 INTENS;2014;7;15880;11084;+;Professionnel;FR-IDF;01-76-43-25-08
RENAULT;ZOE;R90 LIFE TYPE 2;2016;117;14020;11865;+;Professionnel;FR-IDF;01-34-82-69-57
RENAULT;ZOE;Q90 INTENS CHARGE RAPIDE;2014;34097;11060;9920;+;Professionnel;FR-IDF;01-84-35-88-53
RENAULT;ZOE;Q90 LIFE;2016;33170;10410;12697;-;Professionnel;FR-IDF;01-76-38-31-10
RENAULT;ZOE;Q90 LIFE CHARGE RAPIDE;2014;83148;8970;10820;-;Professionnel;FR-IDF;01-76-43-70-31
RENAULT;ZOE;Q90 LIFE CHARGE RAPIDE;2012;87587;8030;7647;+;Professionnel;FR-IDF;01-82-88-41-62
RENAULT;ZOE;Q90 INTENS;2014;48974;11340;11084;+;Professionnel;FR-IDF;01-82-89-14-59
RENAULT;ZOE;ZEN;2014;38274;10370;0;+;Professionnel;FR-IDF;01-82-88-69-41
RENAULT;ZOE;Q90 INTENS CHARGE RAPIDE;2013;36300;9580;9319;+;Professionnel;FR-IDF;01-76-43-94-90
RENAULT;ZOE;R90 INTENS;2017;122;21940;14304;+;Professionnel;FR-IDF;01-34-82-54-61
RENAULT;ZOE;Q90 LIFE;2016;45260;10440;12697;-;Professionnel;FR-IDF;01-76-43-98-77
RENAULT;ZOE;Q90 ZEN CHARGE RAPIDE;2013;14198;9610;10297;-;Professionnel;FR-IDF;01-82-88-32-11
RENAULT;ZOE;Q90 ZEN;2014;20264;10670;11147;-;Professionnel;FR-IDF;01-76-43-33-14
RENAULT;ZOE;Q90 ZEN CHARGE RAPIDE;2016;12600;10410;13543;-;Professionnel;FR-IDF;01-84-35-35-06
RENAULT;ZOE;Q90 INTENS;2014;36477;10600;11084;-;Professionnel;FR-IDF;01-76-43-91-53
RENAULT;ZOE;Q90 LIFE CHARGE RAPIDE;2015;44588;9660;10586;-;Professionnel;FR-IDF;06-03-47-54-40
RENAULT;ZOE;R90 INTENS TYPE 2;2016;1250;18110;12965;+;Professionnel;FR-IDF;01-82-88-79-26
RENAULT;ZOE;Q90 ZEN;2016;1447;9600;13487;-;Professionnel;FR-IDF;01-82-89-14-04
RENAULT;ZOE;R110 INTENS;2019;286;19930;0;+;Professionnel;FR-IDF;01-64-75-99-96
RENAULT;ZOE;Q90 ZEN;2017;21482;12300;14881;-;Professionnel;FR-IDF;01-84-35-41-85
RENAULT;ZOE;Q90 INTENS CHARGE RAPIDE;2013;43152;10990;9319;+;Professionnel;FR-IDF;01-84-35-39-11
RENAULT;ZOE;LIFE;2016;36488;9830;0;+;Professionnel;FR-IDF;01-76-39-05-56
RENAULT;ZOE;LIFE CHARGE RAPIDE 5P;2015;27425;11680;0;+;Professionnel;FR-IDF;01-84-15-70-10
RENAULT;ZOE;INTENS CHARGE RAPIDE 5P;2013;42040;11880;0;+;Professionnel;FR-IDF;01-76-28-91-67
RENAULT;ZOE;Q90 LIFE CHARGE RAPIDE;2016;44218;9420;11794;-;Professionnel;FR-IDF;01-76-43-96-32
RENAULT;ZOE;Q90 LIFE CHARGE RAPIDE;2013;47377;10460;9807;+;Professionnel;FR-IDF;01-76-28-96-11
RENAULT;ZOE;Q90 INTENS CHARGE RAPIDE TYPE 2;2015;21562;12710;11831;+;Professionnel;FR-IDF;01-84-35-70-97
RENAULT;ZOE;LIFE CHARGE RAPIDE GAMME 2017 5P;2015;39919;11370;0;+;Professionnel;FR-IDF;01-76-28-25-19
RENAULT;ZOE;Q90 LIFE;2017;20005;10860;12380;-;Professionnel;FR-IDF;01-76-43-90-04
RENAULT;ZOE;Q90 LIFE CHARGE RAPIDE;2013;38786;9700;9807;-;Professionnel;FR-IDF;01-64-60-83-16
RENAULT;ZOE;Q90 INTENS;2014;28447;11430;11084;+;Professionnel;FR-IDF;01-82-88-32-62
RENAULT;ZOE;Q90 LIFE;2016;49000;10000;12697;-;Professionnel;FR-IDF;01-84-16-33-87
RENAULT;ZOE;Q90 LIFE CHARGE RAPIDE;2016;11845;12680;11794;+;Professionnel;FR-IDF;01-84-31-33-66
RENAULT;ZOE;LIFE CHARGE RAPIDE;2015;38727;8840;0;+;Professionnel;FR-IDF;01-64-57-68-99
RENAULT;ZOE;Q90 LIFE;2015;19205;10330;10539;-;Professionnel;FR-IDF;01-84-15-43-97
RENAULT;ZOE;R110 INTENS;2017;1;19400;14456;+;Professionnel;FR-IDF;01-75-19-06-74
RENAULT;ZOE;Q90 ZEN CHARGE RAPIDE;2016;3808;16640;13543;+;Professionnel;FR-IDF;01-45-40-30-08
RENAULT;ZOE;R90 ZEN TYPE 2;2015;124;15990;10924;+;Professionnel;FR-IDF;01-76-36-95-93
RENAULT;ZOE;LIFE CHARGE RAPIDE;2013;49226;8660;0;+;Professionnel;FR-IDF;01-64-58-05-91
RENAULT;ZOE;INTENS GAMME 2017;2016;20686;15140;0;+;Professionnel;FR-IDF;01-75-18-98-95
RENAULT;ZOE;LIFE CHARGE RAPIDE;2013;30996;8770;0;+;Professionnel;FR-IDF;01-64-57-62-01
RENAULT;ZOE;LIFE CHARGE RAPIDE;2013;45159;8380;0;+;Professionnel;FR-IDF;01-64-57-87-00
RENAULT;ZOE;R110 INTENS;2017;1;20090;14456;+;Professionnel;FR-IDF;01-75-18-77-59
RENAULT;ZOE;R110 INTENS;2019;1;19060;0;+;Professionnel;FR-IDF;01-75-18-99-61
RENAULT;ZOE;LIFE CHARGE RAPIDE;2013;41590;8360;0;+;Professionnel;FR-IDF;01-64-58-00-00
RENAULT;ZOE;LIFE CHARGE RAPIDE;2015;53162;8310;0;+;Professionnel;FR-IDF;01-64-57-37-78
RENAULT;ZOE;R90 EDITION ONE;2017;5250;21420;16058;+;Professionnel;FR-IDF;01-76-37-04-52
RENAULT;ZOE;LIFE CHARGE RAPIDE;2015;17594;9060;0;+;Professionnel;FR-IDF;01-64-58-06-79
RENAULT;ZOE;Q90 INTENS CHARGE RAPIDE;2013;55832;8940;9319;-;Professionnel;FR-IDF;06-75-44-40-70
RENAULT;ZOE;R90 INTENS;2019;115;24230;0;+;Professionnel;FR-IDF;01-76-43-89-71
RENAULT;ZOE;R90 ZEN;2017;600;24340;14580;+;Professionnel;FR-IDF;01-76-43-57-13
RENAULT;ZOE;R90 INTENS TYPE 2;2018;3745;18720;16753;+;Professionnel;FR-IDF;01-82-88-56-18
RENAULT;ZOE;R90 INTENS;2017;1080;20520;14304;+;Professionnel;FR-IDF;01-82-88-87-35
RENAULT;ZOE;R90 INTENS;2019;1160;20860;0;+;Professionnel;FR-IDF;01-34-82-53-32
RENAULT;ZOE;Q90 LIFE;2016;6408;12300;12697;-;Professionnel;FR-IDF;01-64-76-13-17
RENAULT;ZOE;R90 INTENS;2019;1170;22110;0;+;Professionnel;FR-IDF;01-82-88-75-82
RENAULT;ZOE;Q90 ZEN;2016;22599;14400;13487;+;Professionnel;FR-IDF;06-87-80-79-35
RENAULT;ZOE;Q90 LIFE CHARGE RAPIDE;2016;41596;9220;11794;-;Professionnel;FR-IDF;01-76-29-13-71
RENAULT;ZOE;R90 ZEN;2019;3570;22610;0;+;Professionnel;FR-IDF;01-82-88-57-43
RENAULT;ZOE;INTENS;2016;34170;11850;0;+;Professionnel;FR-IDF;01-76-28-22-11
RENAULT;ZOE;Q90 LIFE CHARGE RAPIDE;2013;16060;10500;9807;+;Professionnel;FR-IDF;01-75-91-95-25
RENAULT;ZOE;R75 LIFE;2019;1650;17030;0;+;Professionnel;FR-IDF;01-82-88-65-39
RENAULT;ZOE;R90 ZEN;2017;6100;24380;14580;+;Professionnel;FR-IDF;01-76-43-64-78
RENAULT;ZOE;R90 INTENS;2017;165;19560;14304;+;Professionnel;FR-IDF;01-82-88-69-52
RENAULT;ZOE;Q90 ZEN;2016;18026;11440;13487;-;Professionnel;FR-IDF;01-82-88-74-89
RENAULT;ZOE;R90 ZEN;2017;5750;22980;14580;+;Professionnel;FR-IDF;01-76-43-39-39
RENAULT;ZOE;LIFE CHARGE RAPIDE;2015;58928;9000;0;+;Professionnel;FR-IDF;01-76-38-55-49
RENAULT;ZOE;Q90 INTENS CHARGE RAPIDE;2013;67372;9690;9319;+;Professionnel;FR-IDF;01-84-35-92-06
RENAULT;ZOE;R90 ZEN GAMME 2017;2018;22879;19390;17237;+;Professionnel;FR-IDF;01-76-28-53-03
RENAULT;ZOE;R90 ZEN;2017;6779;18410;14580;+;Professionnel;FR-IDF;01-84-64-26-45
RENAULT;ZOE;R90 INTENS TYPE 2;2018;2480;16600;16753;-;Professionnel;FR-IDF;01-34-83-27-57
RENAULT;ZOE;R90 INTENS GAMME 2017;2019;6150;30130;0;+;Professionnel;FR-IDF;01-82-88-36-57
RENAULT;ZOE;Q90 INTENS CHARGE RAPIDE GAMME 2017;2017;2100;18790;14797;+;Professionnel;FR-IDF;01-84-15-87-05
RENAULT;ZOE;Q90 ZEN CHARGE RAPIDE;2014;57627;8460;9924;-;Professionnel;FR-IDF;01-76-43-51-66
RENAULT;ZOE;Q90 LIFE CHARGE RAPIDE;2012;25159;11080;7647;+;Professionnel;FR-NAQ;05-32-32-06-36
RENAULT;ZOE;Q90 INTENS CHARGE RAPIDE;2014;25354;10690;9920;+;Professionnel;FR-NAQ;05-19-65-67-17
RENAULT;ZOE;Q90 INTENS CHARGE RAPIDE TYPE 2;2017;25758;11640;14915;-;Professionnel;FR-NAQ;05-56-13-93-84
RENAULT;ZOE;Q90 LIFE CHARGE RAPIDE;2016;15741;9430;11794;-;Professionnel;FR-NAQ;05-19-65-19-83
RENAULT;ZOE;Q90 LIFE;2014;15315;10820;9720;+;Professionnel;FR-NAQ;05-19-65-93-00
RENAULT;ZOE;Q90 LIFE;2016;17889;11220;12697;-;Professionnel;FR-NAQ;05-19-65-35-29
RENAULT;ZOE;Q90 LIFE;2016;27665;11370;12697;-;Professionnel;FR-NAQ;05-19-65-51-55
RENAULT;ZOE;Q90 LIFE;2017;19095;9430;12380;-;Professionnel;FR-NAQ;05-32-08-79-65
RENAULT;ZOE;Q90 LIFE CHARGE RAPIDE;2016;27909;11760;11794;-;Professionnel;FR-NAQ;05-31-16-51-87
RENAULT;ZOE;Q90 LIFE CHARGE RAPIDE;2013;37455;10240;9807;+;Professionnel;FR-NAQ;05-31-16-61-09
RENAULT;ZOE;Q90 LIFE CHARGE RAPIDE;2016;46774;10610;11794;-;Professionnel;FR-NAQ;05-19-65-74-49
RENAULT;ZOE;Q90 LIFE;2017;18182;12430;12380;+;Professionnel;FR-NAQ;05-19-65-99-19
RENAULT;ZOE;Q90 ZEN;2016;33080;11180;13487;-;Professionnel;FR-NAQ;05-19-65-25-53
RENAULT;ZOE;Q90 LIFE CHARGE RAPIDE;2014;28616;9280;10820;-;Professionnel;FR-NAQ;05-31-17-16-05
RENAULT;ZOE;Q90 LIFE CHARGE RAPIDE TYPE 2;2017;22894;10540;12501;-;Professionnel;FR-NAQ;05-31-16-86-13
RENAULT;ZOE;Q90 LIFE CHARGE RAPIDE;2014;28174;11530;10820;+;Professionnel;FR-NAQ;05-31-16-37-11
RENAULT;ZOE;Q90 LIFE CHARGE RAPIDE;2014;47661;10780;10820;-;Professionnel;FR-NAQ;05-19-65-41-20
RENAULT;ZOE;Q90 LIFE CHARGE RAPIDE;2015;25286;10750;10586;+;Professionnel;FR-NAQ;05-59-99-88-21
RENAULT;ZOE;Q90 LIFE CHARGE RAPIDE;2016;25359;11470;11794;-;Professionnel;FR-NAQ;05-19-65-97-13
RENAULT;ZOE;LIFE TYPE 2;2015;24640;11940;0;+;Professionnel;FR-NAQ;05-32-14-46-27
RENAULT;ZOE;Q90 LIFE CHARGE RAPIDE;2016;15105;10330;11794;-;Professionnel;FR-NAQ;05-33-53-15-36
RENAULT;ZOE;Q90 LIFE;2014;43506;10110;9720;+;Professionnel;FR-NAQ;05-19-65-60-35
RENAULT;ZOE;R90 ZEN;2017;3488;18840;14580;+;Professionnel;FR-NAQ;05-57-52-13-92
RENAULT;ZOE;LIFE CHARGE RAPIDE;2015;9894;11640;0;+;Professionnel;FR-NAQ;05-79-98-98-89
RENAULT;ZOE;Q90 LIFE CHARGE RAPIDE;2013;53768;9180;9807;-;Professionnel;FR-NAQ;05-19-65-38-05
RENAULT;ZOE;Q90 ZEN CHARGE RAPIDE;2014;43108;10120;9924;+;Professionnel;FR-NAQ;05-19-65-30-39
RENAULT;ZOE;R90 ZEN;2018;8211;20110;16235;+;Professionnel;FR-NAQ;05-57-52-41-33
RENAULT;ZOE;Q90 LIFE;2014;23118;10240;9720;+;Professionnel;FR-NAQ;05-19-66-01-92
RENAULT;ZOE;Q90 LIFE;2016;38679;9430;12697;-;Professionnel;FR-NAQ;05-19-65-08-35
RENAULT;ZOE;Q90 INTENS CHARGE RAPIDE;2014;57052;10200;9920;+;Professionnel;FR-NAQ;05-19-65-74-43
RENAULT;ZOE;Q90 LIFE CHARGE RAPIDE;2013;56532;9360;9807;-;Professionnel;FR-NAQ;05-31-17-12-20
RENAULT;ZOE;Q90 LIFE CHARGE RAPIDE;2016;10294;10620;11794;-;Professionnel;FR-NAQ;05-19-65-45-85
RENAULT;ZOE;Q90 LIFE;2016;36634;9880;12697;-;Professionnel;FR-NAQ;05-19-65-28-68
RENAULT;ZOE;Q90 ZEN CHARGE RAPIDE;2014;52275;9820;9924;-;Particulier;FR-NAQ;05-79-88-06-21
RENAULT;ZOE;LIFE CHARGE RAPIDE;2016;17705;13620;0;+;Professionnel;FR-NAQ;05-19-65-26-67
RENAULT;ZOE;Q90 LIFE CHARGE RAPIDE;2014;40524;10240;10820;-;Professionnel;FR-NAQ;05-19-66-05-78
RENAULT;ZOE;Q90 LIFE CHARGE RAPIDE;2016;30654;11000;11794;-;Professionnel;FR-NAQ;05-19-65-81-69
RENAULT;ZOE;Q90 INTENS CHARGE RAPIDE;2016;12614;12960;14125;-;Professionnel;FR-NAQ;05-40-02-50-36
RENAULT;ZOE;Q90 LIFE CHARGE RAPIDE;2014;19290;12950;10820;+;Professionnel;FR-NAQ;05-19-65-41-56
RENAULT;ZOE;Q90 LIFE CHARGE RAPIDE;2016;45212;12580;11794;+;Professionnel;FR-NAQ;05-46-27-97-23
RENAULT;ZOE;Q90 LIFE;2015;16445;10860;10539;+;Professionnel;FR-NAQ;05-58-35-44-05
RENAULT;ZOE;Q90 LIFE;2016;37866;10220;12697;-;Professionnel;FR-NAQ;05-19-65-83-48
RENAULT;ZOE;Q90 LIFE;2014;22835;10620;9720;+;Professionnel;FR-NAQ;05-58-91-65-38
RENAULT;ZOE;ZEN;2014;18178;13400;0;+;Professionnel;FR-NAQ;05-55-31-72-02
RENAULT;ZOE;Q90 LIFE CHARGE RAPIDE;2014;15653;10480;10820;-;Professionnel;FR-NAQ;05-19-65-33-02
RENAULT;ZOE;Q90 LIFE CHARGE RAPIDE TYPE 2;2014;11368;12740;9900;+;Professionnel;FR-NAQ;05-49-37-81-16
RENAULT;ZOE;Q90 LIFE;2016;30998;9970;12697;-;Professionnel;FR-NAQ;05-19-65-30-16
RENAULT;ZOE;Q90 INTENS CHARGE RAPIDE;2016;26464;10880;14125;-;Professionnel;FR-NAQ;05-19-65-84-68
RENAULT;ZOE;LIFE;2017;19994;11520;0;+;Professionnel;FR-NAQ;05-45-70-31-91
RENAULT;ZOE;INTENS CHARGE RAPIDE;2015;30301;14230;0;+;Professionnel;FR-NAQ;05-19-65-75-28
RENAULT;ZOE;Q90 LIFE;2016;46429;11900;12697;-;Professionnel;FR-NAQ;05-59-99-29-05
RENAULT;ZOE;LIFE;2017;38221;11500;0;+;Professionnel;FR-NAQ;05-49-52-69-72
RENAULT;ZOE;LIFE;2015;11289;12080;0;+;Professionnel;FR-NAQ;05-49-38-16-71
RENAULT;ZOE;Q90 LIFE CHARGE RAPIDE;2014;38295;11180;10820;+;Professionnel;FR-NAQ;05-19-65-68-49
RENAULT;ZOE;Q90 LIFE;2014;37813;10420;9720;+;Professionnel;FR-NAQ;05-19-65-23-75
RENAULT;ZOE;LIFE;2013;12641;11710;0;+;Professionnel;FR-NAQ;05-57-26-16-93
RENAULT;ZOE;Q90 LIFE;2016;29737;11090;12697;-;Professionnel;FR-NAQ;05-19-65-78-83
RENAULT;ZOE;Q90 ZEN CHARGE RAPIDE;2013;21559;11140;10297;+;Professionnel;FR-NAQ;05-45-95-62-38
RENAULT;ZOE;LIFE;2015;15550;11420;0;+;Professionnel;FR-NAQ;05-45-70-12-01
RENAULT;ZOE;R75 LIFE;2017;119;17850;14394;+;Professionnel;FR-NAQ;05-19-65-52-11
RENAULT;ZOE;Q90 ZEN;2016;44374;12120;13487;-;Professionnel;FR-NAQ;05-19-65-76-44
RENAULT;ZOE;Q90 LIFE CHARGE RAPIDE;2012;8806;10690;7647;+;Professionnel;FR-NAQ;05-57-25-86-46
RENAULT;ZOE;Q90 LIFE CHARGE RAPIDE;2014;43701;10590;10820;-;Professionnel;FR-NAQ;05-19-65-53-14
RENAULT;ZOE;Q90 LIFE CHARGE RAPIDE;2016;37541;11220;11794;-;Professionnel;FR-NAQ;05-19-65-90-93
RENAULT;ZOE;Q90 LIFE CHARGE RAPIDE;2016;35144;10650;11794;-;Professionnel;FR-NAQ;05-19-65-93-00
RENAULT;ZOE;ZEN;2014;43968;10150;0;+;Professionnel;FR-NAQ;05-19-65-68-72
RENAULT;ZOE;INTENS CHARGE RAPIDE;2014;22856;11750;0;+;Professionnel;FR-NAQ;05-49-52-86-62
RENAULT;ZOE;Q90 ZEN CHARGE RAPIDE;2013;18777;9700;10297;-;Professionnel;FR-NAQ;05-32-14-36-99
RENAULT;ZOE;Q90 LIFE;2017;4169;11280;12380;-;Professionnel;FR-NAQ;05-58-47-26-06
RENAULT;ZOE;LIFE CHARGE RAPIDE;2013;43990;9910;0;+;Professionnel;FR-NAQ;05-45-70-06-10
RENAULT;ZOE;Q90 LIFE;2014;17535;11070;9720;+;Professionnel;FR-NAQ;05-19-66-01-85
RENAULT;ZOE;Q90 ZEN CHARGE RAPIDE;2016;31173;10660;13543;-;Professionnel;FR-NAQ;05-58-91-88-29
RENAULT;ZOE;Q90 LIFE CHARGE RAPIDE;2016;17048;11330;11794;-;Professionnel;FR-NAQ;05-19-65-91-51
RENAULT;ZOE;INTENS;2015;30689;11620;0;+;Professionnel;FR-NAQ;05-59-63-32-64
RENAULT;ZOE;Q90 LIFE;2014;37566;9430;9720;-;Professionnel;FR-NAQ;05-19-65-85-33
RENAULT;ZOE;Q90 ZEN;2016;46091;11410;13487;-;Professionnel;FR-NAQ;05-19-65-76-17
RENAULT;ZOE;Q90 LIFE CHARGE RAPIDE;2014;16530;9880;10820;-;Professionnel;FR-NAQ;05-19-66-04-79
RENAULT;ZOE;Q90 LIFE;2014;44622;11130;9720;+;Professionnel;FR-NAQ;05-19-65-44-20
RENAULT;ZOE;LIFE CHARGE RAPIDE;2016;16017;11530;0;+;Professionnel;FR-NAQ;05-19-65-56-14
RENAULT;ZOE;Q90 LIFE;2014;25592;9610;9720;-;Professionnel;FR-NAQ;05-19-65-80-87
RENAULT;ZOE;Q90 LIFE CHARGE RAPIDE;2016;28415;10800;11794;-;Professionnel;FR-NAQ;05-58-72-51-00
RENAULT;ZOE;Q90 LIFE CHARGE RAPIDE;2016;25262;11160;11794;-;Professionnel;FR-NAQ;05-19-65-45-00
RENAULT;ZOE;Q90 LIFE;2014;33223;10720;9720;+;Professionnel;FR-NAQ;05-19-65-28-79
RENAULT;ZOE;INTENS;2016;9688;13070;0;+;Professionnel;FR-NAQ;05-40-02-57-93
RENAULT;ZOE;Q90 ZEN;2014;39670;11180;11147;+;Professionnel;FR-NAQ;05-19-65-86-40
RENAULT;ZOE;INTENS;2016;27483;12310;0;+;Professionnel;FR-NAQ;05-59-99-96-49
RENAULT;ZOE;Q90 LIFE;2014;36651;11860;9720;+;Professionnel;FR-NAQ;05-19-66-05-69
RENAULT;ZOE;Q90 LIFE CHARGE RAPIDE;2015;50065;11480;10586;+;Professionnel;FR-NAQ;05-40-02-46-92
RENAULT;ZOE;INTENS CHARGE RAPIDE;2014;43839;11990;0;+;Professionnel;FR-NAQ;05-32-14-84-52
RENAULT;ZOE;Q90 LIFE CHARGE RAPIDE;2015;12036;11150;10586;+;Professionnel;FR-NAQ;05-57-25-30-84
RENAULT;ZOE;INTENS;2016;28609;10750;0;+;Professionnel;FR-NAQ;05-45-70-50-27
RENAULT;ZOE;R75 LIFE GAMME 2017;2017;3025;25280;14394;+;Professionnel;FR-NAQ;05-19-65-32-27
RENAULT;ZOE;LIFE;2013;13527;10380;0;+;Professionnel;FR-NAQ;05-32-14-52-56
RENAULT;ZOE;ZEN R90;2019;125;26790;0;+;Professionnel;FR-NAQ;05-19-65-72-24
RENAULT;ZOE;LIFE R75;2019;124;26150;0;+;Professionnel;FR-NAQ;05-19-65-42-68
RENAULT;ZOE;ZEN CHARGE RAPIDE;2013;14206;11380;0;+;Professionnel;FR-NAQ;05-49-52-57-58
RENAULT;ZOE;Q90 LIFE;2015;38586;10240;10539;-;Professionnel;FR-NAQ;05-49-91-48-79
RENAULT;ZOE;INTENS R90;2019;122;29080;0;+;Professionnel;FR-NAQ;05-19-66-00-92
RENAULT;ZOE;ZEN R90;2017;105;23420;0;+;Professionnel;FR-NAQ;05-19-65-94-76
RENAULT;ZOE;ZEN R90;2017;123;28390;0;+;Professionnel;FR-NAQ;05-19-66-04-17
RENAULT;ZOE;R75 LIFE;2019;93;24450;0;+;Professionnel;FR-NAQ;06-50-15-14-28
RENAULT;ZOE;INT MA 7;2013;54169;12060;0;+;Professionnel;FR-NAQ;05-32-14-50-19
RENAULT;ZOE;Q90 LIFE CHARGE RAPIDE;2016;19363;9700;11794;-;Professionnel;FR-PAC;04-11-82-87-68
RENAULT;ZOE;Q90 ZEN CHARGE RAPIDE;2012;29395;10270;9194;+;Professionnel;FR-PAC;04-11-82-87-97
RENAULT;ZOE;Q90 LIFE CHARGE RAPIDE;2016;33095;10940;11794;-;Professionnel;FR-PAC;04-11-82-34-31
RENAULT;ZOE;Q90 LIFE CHARGE RAPIDE;2016;14703;9610;11794;-;Professionnel;FR-PAC;04-11-82-70-03
RENAULT;ZOE;LIFE CHARGE RAPIDE;2016;16813;10670;0;+;Professionnel;FR-PAC;04-11-83-02-66
RENAULT;ZOE;Q90 LIFE CHARGE RAPIDE;2016;13718;10120;11794;-;Professionnel;FR-PAC;04-11-82-87-38
RENAULT;ZOE;Q90 ZEN CHARGE RAPIDE;2015;38280;11020;11266;-;Professionnel;FR-PAC;04-11-34-97-72
RENAULT;ZOE;Q90 INTENS CHARGE RAPIDE;2016;48567;11860;14125;-;Professionnel;FR-PAC;04-11-34-93-17
RENAULT;ZOE;LIFE CHARGE RAPIDE;2016;19092;10050;0;+;Professionnel;FR-PAC;04-11-82-55-74
RENAULT;ZOE;Q90 ZEN CHARGE RAPIDE;2016;55382;9800;13543;-;Professionnel;FR-PAC;04-83-58-60-45
RENAULT;ZOE;Q90 LIFE;2016;45609;10350;12697;-;Professionnel;FR-PAC;04-11-81-31-59
RENAULT;ZOE;Q90 ZEN CHARGE RAPIDE;2015;29321;9420;11266;-;Professionnel;FR-PAC;04-11-34-89-82
RENAULT;ZOE;Q90 INTENS CHARGE RAPIDE;2015;85242;10540;12274;-;Professionnel;FR-PAC;04-11-80-63-78
RENAULT;ZOE;Q90 LIFE CHARGE RAPIDE;2015;71609;7750;10586;-;Professionnel;FR-PAC;04-84-37-89-28
RENAULT;ZOE;Q90 LIFE;2014;27784;10750;9720;+;Professionnel;FR-PAC;04-11-85-57-20
RENAULT;ZOE;Q90 INTENS;2016;27809;12560;12838;-;Professionnel;FR-PAC;04-22-85-30-05
RENAULT;ZOE;Q90 LIFE CHARGE RAPIDE;2014;16013;10600;10820;-;Professionnel;FR-PAC;04-84-37-30-76
RENAULT;ZOE;Q90 LIFE CHARGE RAPIDE;2015;16652;9610;10586;-;Professionnel;FR-PAC;04-11-82-91-89
RENAULT;ZOE;Q90 INTENS CHARGE RAPIDE TYPE 2;2016;27132;12480;12041;+;Professionnel;FR-PAC;04-11-34-97-08
RENAULT;ZOE;LIFE CHARGE RAPIDE;2015;32167;9540;0;+;Professionnel;FR-PAC;04-11-82-74-90
RENAULT;ZOE;INTENS CHARGE RAPIDE;2015;42753;9910;0;+;Professionnel;FR-PAC;04-11-82-52-63
RENAULT;ZOE;Q90 INTENS CHARGE RAPIDE TYPE 2;2017;29399;12080;14915;-;Professionnel;FR-PAC;04-84-37-68-62
RENAULT;ZOE;Q90 INTENS;2014;61671;9100;11084;-;Professionnel;FR-PAC;07-72-46-21-00
RENAULT;ZOE;Q90 INTENS CHARGE RAPIDE;2015;62041;11970;12274;-;Professionnel;FR-PAC;04-85-21-40-22
RENAULT;ZOE;Q90 LIFE;2014;13571;9430;9720;-;Professionnel;FR-PAC;07-72-46-21-01
RENAULT;ZOE;LIFE CHARGE RAPIDE;2013;40462;9070;0;+;Professionnel;FR-PAC;04-11-82-32-85
RENAULT;ZOE;Q90 LIFE CHARGE RAPIDE;2013;56700;8800;9807;-;Professionnel;FR-PAC;04-84-37-73-46
RENAULT;ZOE;Q90 INTENS;2015;98110;9210;11520;-;Professionnel;FR-PAC;04-85-21-93-69
RENAULT;ZOE;Q90 LIFE CHARGE RAPIDE TYPE 2;2015;30360;9650;11040;-;Professionnel;FR-PAC;04-11-35-45-11
RENAULT;ZOE;Q90 INTENS CHARGE RAPIDE;2013;16195;11880;9319;+;Professionnel;FR-PAC;04-85-21-87-46
RENAULT;ZOE;Q90 LIFE CHARGE RAPIDE;2016;44594;10210;11794;-;Professionnel;FR-PAC;04-84-37-42-34
RENAULT;ZOE;ZEN;2013;26818;9520;0;+;Professionnel;FR-PAC;04-11-82-71-26
RENAULT;ZOE;Q90 INTENS CHARGE RAPIDE;2015;62041;11970;12274;-;Professionnel;FR-PAC;04-85-21-40-22
RENAULT;ZOE;Q90 INTENS;2014;61671;9100;11084;-;Professionnel;FR-PAC;07-72-46-21-00
RENAULT;ZOE;Q90 LIFE;2014;27784;10750;9720;+;Professionnel;FR-PAC;04-11-85-57-20
RENAULT;ZOE;Q90 ZEN CHARGE RAPIDE;2016;55382;9800;13543;-;Professionnel;FR-PAC;04-83-58-60-45
RENAULT;ZOE;Q90 LIFE CHARGE RAPIDE;2015;71609;7750;10586;-;Professionnel;FR-PAC;04-84-37-89-28
RENAULT;ZOE;Q90 LIFE CHARGE RAPIDE;2016;44594;10210;11794;-;Professionnel;FR-PAC;04-84-37-42-34
RENAULT;ZOE;LIFE CHARGE RAPIDE;2016;19092;10050;0;+;Professionnel;FR-PAC;04-11-82-55-74
RENAULT;ZOE;Q90 ZEN CHARGE RAPIDE;2014;53846;9370;9924;-;Particulier;FR-PAC;06-60-13-28-76
RENAULT;ZOE;Q90 LIFE;2014;27568;9520;9720;-;Professionnel;FR-PAC;04-11-82-44-42
RENAULT;ZOE;Q90 LIFE;2014;39467;9500;9720;-;Professionnel;FR-PAC;04-22-85-35-91
RENAULT;ZOE;Q90 INTENS CHARGE RAPIDE;2013;39800;10490;9319;+;Professionnel;FR-PAC;04-11-85-38-30
RENAULT;ZOE;Q90 LIFE;2014;40110;9520;9720;-;Professionnel;FR-PAC;04-83-58-31-61
RENAULT;ZOE;Q90 LIFE;2016;44898;10440;12697;-;Professionnel;FR-PAC;04-11-82-42-15
RENAULT;ZOE;LIFE CHARGE RAPIDE;2014;40898;9610;0;+;Professionnel;FR-PAC;04-83-58-70-68
RENAULT;ZOE;Q90 LIFE;2014;14467;9960;9720;+;Professionnel;FR-PAC;04-83-58-52-43
RENAULT;ZOE;Q90 ZEN;2016;7517;11440;13487;-;Professionnel;FR-PAC;04-11-82-58-81
RENAULT;ZOE;Q90 INTENS;2015;28333;11060;11520;-;Professionnel;FR-PAC;04-11-80-77-44
RENAULT;ZOE;INTENS;2016;15375;12280;0;+;Professionnel;FR-PAC;04-83-58-56-85
RENAULT;ZOE;R90 STAR WARS;2019;112;26820;0;+;Professionnel;FR-PAC;04-83-59-01-00
RENAULT;ZOE;Q90 ZEN;2014;22732;10590;11147;-;Professionnel;FR-PAC;04-11-85-59-59
RENAULT;ZOE;Q90 ZEN;2013;24722;11620;9355;+;Professionnel;FR-PAC;04-83-58-85-39
RENAULT;ZOE;Q90 ZEN CHARGE RAPIDE;2014;33110;11430;9924;+;Professionnel;FR-PAC;04-22-85-35-97
RENAULT;ZOE;INTENS;2015;51063;11680;0;+;Professionnel;FR-PAC;04-28-02-36-17
RENAULT;ZOE;Q90 LIFE CHARGE RAPIDE;2014;16513;11570;10820;+;Professionnel;FR-PAC;04-83-58-29-48
RENAULT;ZOE;Q90 LIFE;2016;15431;10870;12697;-;Professionnel;FR-PAC;04-22-84-74-18
RENAULT;ZOE;Q90 INTENS CHARGE RAPIDE;2015;47830;10100;12274;-;Professionnel;FR-PAC;04-83-58-57-26
RENAULT;ZOE;LIFE R75;2016;120;25680;0;+;Professionnel;FR-PAC;04-83-58-46-83
RENAULT;ZOE;Q90 INTENS;2016;35562;11190;12838;-;Professionnel;FR-PAC;04-83-58-77-94
RENAULT;ZOE;Q90 LIFE;2016;28314;10230;12697;-;Professionnel;FR-PAC;04-83-58-54-52
RENAULT;ZOE;R90 INTENS TYPE 2;2015;6200;16610;11839;+;Professionnel;FR-PAC;04-83-58-61-14
RENAULT;ZOE;Q90 INTENS CHARGE RAPIDE;2015;42374;13540;12274;+;Professionnel;FR-PAC;04-82-80-22-16
RENAULT;ZOE;ZEN;2015;39810;9320;0;+;Professionnel;FR-PAC;04-28-02-74-57
RENAULT;ZOE;INTENS CHARGE RAPIDE;2016;22752;11580;0;+;Professionnel;FR-PAC;04-83-58-47-12
RENAULT;ZOE;LIFE CHARGE RAPIDE;2014;43193;8910;0;+;Professionnel;FR-PAC;04-83-58-83-47
RENAULT;ZOE;Q90 INTENS;2014;34240;13400;11084;+;Professionnel;FR-PAC;04-11-34-52-16
RENAULT;ZOE;Q90 INTENS;2014;24683;10080;11084;-;Professionnel;FR-PAC;04-83-59-02-81
RENAULT;ZOE;ZEN;2014;31819;10810;0;+;Professionnel;FR-PAC;04-83-58-47-42
RENAULT;ZOE;LIFE;2015;13640;13000;0;+;Professionnel;FR-PAC;04-83-58-50-85
RENAULT;ZOE;LIFE;2014;36048;10090;0;+;Professionnel;FR-PAC;04-11-82-46-47
RENAULT;ZOE;Q90 LIFE;2016;35171;10190;12697;-;Professionnel;FR-PAC;04-83-58-66-66
RENAULT;ZOE;Q90 ZEN;2014;4454;11640;11147;+;Professionnel;FR-PAC;04-83-58-87-80
RENAULT;ZOE;Q90 ZEN CHARGE RAPIDE;2016;31246;11090;13543;-;Professionnel;FR-PAC;04-11-80-97-61
RENAULT;ZOE;Q90 LIFE CHARGE RAPIDE;2013;63556;10180;9807;+;Professionnel;FR-PAC;04-11-86-12-77
RENAULT;ZOE;Q90 LIFE CHARGE RAPIDE;2014;32270;10870;10820;+;Professionnel;FR-PAC;04-83-58-78-46
RENAULT;ZOE;Q90 LIFE CHARGE RAPIDE;2015;28237;9670;10586;-;Professionnel;FR-PAC;04-11-85-47-81
RENAULT;ZOE;LIFE;2015;55154;12180;0;+;Professionnel;FR-PAC;04-28-02-77-25
RENAULT;ZOE;Q90 INTENS;2017;25524;11550;14657;-;Professionnel;FR-PAC;04-83-58-42-96
RENAULT;ZOE;Q90 INTENS;2014;38368;10910;11084;-;Professionnel;FR-PAC;04-83-59-01-31
RENAULT;ZOE;Q90 LIFE;2014;25379;10320;9720;+;Professionnel;FR-PAC;04-22-84-98-91
RENAULT;ZOE;Q90 ZEN CHARGE RAPIDE;2013;63040;9250;10297;-;Professionnel;FR-PAC;04-11-86-01-44
RENAULT;ZOE;Q90 INTENS;2014;17826;12490;11084;+;Professionnel;FR-PAC;04-83-58-53-14
RENAULT;ZOE;Q90 LIFE;2016;35373;9410;12697;-;Professionnel;FR-PAC;04-22-84-51-07
RENAULT;ZOE;Q90 LIFE;2016;40938;9830;12697;-;Professionnel;FR-PAC;04-11-82-34-46
RENAULT;ZOE;Q90 ZEN CHARGE RAPIDE;2013;51408;9500;10297;-;Professionnel;FR-PAC;04-83-58-65-09
RENAULT;ZOE;Q90 LIFE;2016;11024;11180;12697;-;Professionnel;FR-PAC;04-83-58-91-35
RENAULT;ZOE;INTENS;2015;40418;10980;0;+;Professionnel;FR-PAC;04-83-58-73-08
RENAULT;ZOE;Q90 INTENS CHARGE RAPIDE;2013;38096;10370;9319;+;Professionnel;FR-PAC;04-11-82-56-35
RENAULT;ZOE;Q90 INTENS CHARGE RAPIDE;2016;34776;10810;14125;-;Professionnel;FR-PAC;04-83-59-07-87
RENAULT;ZOE;Q90 LIFE CHARGE RAPIDE;2016;24256;9900;11794;-;Professionnel;FR-PAC;04-22-85-10-67
RENAULT;ZOE;Q90 INTENS CHARGE RAPIDE;2016;14480;11580;14125;-;Professionnel;FR-PAC;04-83-58-38-19
RENAULT;ZOE;Q90 INTENS CHARGE RAPIDE;2013;9597;10910;9319;+;Professionnel;FR-PAC;04-11-34-89-20
RENAULT;ZOE;Q90 ZEN CHARGE RAPIDE;2012;38325;8280;9194;-;Professionnel;FR-PAC;04-11-80-76-75
RENAULT;ZOE;Q90 LIFE;2014;61596;9590;9720;-;Professionnel;FR-PAC;04-11-85-37-40
RENAULT;ZOE;Q90 LIFE;2014;67821;9200;9720;-;Professionnel;FR-PAC;04-11-86-03-33
RENAULT;ZOE;Q90 LIFE CHARGE RAPIDE;2015;67578;9180;10586;-;Professionnel;FR-PAC;04-11-85-55-42
RENAULT;ZOE;R90 ZEN;2018;42157;15840;16235;-;Professionnel;FR-PAC;04-11-86-04-34
RENAULT;ZOE;Q90 ZEN CHARGE RAPIDE;2014;50022;10330;9924;+;Professionnel;FR-PAC;04-11-85-66-61
RENAULT;ZOE;R90 INTENS;2019;5428;21220;0;+;Professionnel;FR-PAC;04-11-80-61-20
RENAULT;ZOE;Q90 LIFE;2014;69609;9860;9720;+;Professionnel;FR-PAC;04-11-85-64-20
RENAULT;ZOE;Q90 LIFE;2014;46079;9080;9720;-;Professionnel;FR-PAC;07-72-46-17-77
